<?xml version="1.0" encoding="UTF-8"?>
<project-private xmlns="http://www.netbeans.org/ns/project-private/1">
    <editor-bookmarks xmlns="http://www.netbeans.org/ns/editor-bookmarks/2" lastBookmarkId="0"/>
    <open-files xmlns="http://www.netbeans.org/ns/projectui-open-files/2">
        <group>
            <file>file:/C:/Users/Abren%20Trangia/OneDrive/Documents/NetBeansProjects/OOP-LitsKitchenware-main/LitsKitchenware/src/litskitchenware/ViewStocks.java</file>
            <file>file:/C:/Users/Abren%20Trangia/OneDrive/Documents/NetBeansProjects/OOP-LitsKitchenware-main/LitsKitchenware/src/litskitchenware/TotalSales.java</file>
            <file>file:/C:/Users/Abren%20Trangia/OneDrive/Documents/NetBeansProjects/OOP-LitsKitchenware-main/LitsKitchenware/src/litskitchenware/ViewAdminAccount.java</file>
            <file>file:/C:/Users/Abren%20Trangia/OneDrive/Documents/NetBeansProjects/OOP-LitsKitchenware-main/LitsKitchenware/src/litskitchenware/AdminRegistration.java</file>
            <file>file:/C:/Users/Abren%20Trangia/OneDrive/Documents/NetBeansProjects/OOP-LitsKitchenware-main/LitsKitchenware/src/litskitchenware/NewTransaction.java</file>
            <file>file:/C:/Users/Abren%20Trangia/OneDrive/Documents/NetBeansProjects/OOP-LitsKitchenware-main/LitsKitchenware/src/litskitchenware/Menu.java</file>
            <file>file:/C:/Users/Abren%20Trangia/OneDrive/Documents/NetBeansProjects/OOP-LitsKitchenware-main/LitsKitchenware/src/litskitchenware/GenerateSalesReport.java</file>
            <file>file:/C:/Users/Abren%20Trangia/OneDrive/Documents/NetBeansProjects/OOP-LitsKitchenware-main/LitsKitchenware/src/litskitchenware/AdminLogin.java</file>
            <file>file:/C:/Users/Abren%20Trangia/OneDrive/Documents/NetBeansProjects/OOP-LitsKitchenware-main/LitsKitchenware/src/litskitchenware/InventoryReport.java</file>
        </group>
    </open-files>
</project-private>
